Species,precision_09,fraction_09
Human,0.9256002705444707,0.2517881471389646
Mouse,0.9562007874015748,0.24055877826447258
Zebrafish,0.9755600814663951,0.465255843335439
Arabidopsis,0.9576048951048951,0.3464566929133858
Moth,0.9507829977628636,0.3681436336682589
Fly,0.9671375036033439,0.4232036110772234
