Species,precision_09,subset_09
Human,0.9010416666666666,0.03835780641294576
Mouse,0.952755905511811,0.03528757988330092
Zebrafish,0.9673003802281369,0.2391778828664969
Arabidopsis,0.9625884732052579,0.3602258240757603
Moth,0.9366576819407008,0.14455484122345608
Fly,0.9777700590482806,0.46056630939049753
